eval_id,question,expected_failure_type,trace_id,xrag_primary_cause,xrag_avg_entailment_score,ragas_faithfulness,ragas_answer_relevancy,ragas_context_precision,ragas_context_recall,ragas_answer_correctness,ragchecker_precision,ragchecker_recall,ragchecker_f1,ragchecker_claim_recall,ragchecker_context_precision,ragchecker_faithfulness,ragchecker_hallucination,ares_context_relevance,ares_answer_relevance,ares_answer_faithfulness,ragas_latency_ms,ragchecker_latency_ms,ares_latency_ms
1,"According to the BNS, what three ways can a person 'abet' the doing of a thing?",,8cb22026-c1d8-4d8c-8d01-3561d8562d6c,UNSUPPORTED_GENERATION,0.7608324619126506,1.0,0.7451698125084713,0.7499999999625,1.0,0.871334744318679,0.06666666666666667,0.0,0.0,0.0,0.0,0.0,0.9333333333333333,0.833,0.333,0.167,189668.36738586426,644841.6075706482,333890.6924724579
2,Under what circumstances does the right of private defence of the body NOT extend to voluntarily causing the assailant's death?,,71b4acb1-e662-4fec-86f4-2abae8a5dfc1,UNSUPPORTED_GENERATION,0.7356505026109517,nan,0.970553196646612,0.8666666666377778,1.0,nan,0.0,0.0,0.0,0.0,0.0,0.0,1.0,0.833,0.333,0.0,152676.85341835022,231333.98032188416,363923.3891963959
3,"When does the right of private defence of the body commence, and how long does it continue?",,fb9c9052-93e0-43cb-b58a-037d8bd6f028,UNKNOWN,0.9973056316375732,1.0,0.9673872790615126,nan,1.0,nan,0.0,0.0,0.0,0.0,0.0,0.5,0.5,0.333,0.167,0.167,180810.11199951172,258945.556640625,117579.90908622742
4,What punishment applies to abetment of an offence when the Sanhita makes no express provision for punishing that specific abetment?,,7b598013-8917-4ee8-8a0b-c68d2dc0beb4,UNSUPPORTED_GENERATION,0.25103322226398933,0.0,nan,nan,1.0,nan,0.0,0.0,0.0,0.0,0.0,0.3333333333333333,0.6666666666666666,0.833,0.333,0.333,180555.85289001465,229207.36026763916,200945.0170993805
5,"What is the punishment for abetting the commission of an offence by the public generally, or by a class of persons exceeding ten?",,382c78e0-bf1e-4b32-9535-58ba4460434c,UNKNOWN,0.9968350827693939,1.0,0.9748096168812149,0.8333333332916666,1.0,nan,1.0,0.0,0.0,0.0,0.0,0.0,0.0,0.5,0.333,0.333,163989.66121673584,172906.2261581421,135104.04348373413
6,How does the BNS define 'criminal conspiracy'?,,fc8a45c2-d27f-44e4-8169-6dd7b6e3cef8,UNSUPPORTED_GENERATION,0.4263022094964981,1.0,0.7178733085988229,0.9999999999,1.0,nan,0.0,1.0,0.0,1.0,0.16666666666666666,0.0,1.0,0.5,0.333,0.167,89870.80550193787,390059.46612358093,137563.0009174347
7,"What punishment does section 69 of the BNS prescribe for having sexual intercourse with a woman by deceitful means or a false promise of marriage, where it does not amount to rape?",,a8f03fe5-d398-49e8-9ceb-8a3c9987d0ae,UNKNOWN,0.0,1.0,0.9692390488544724,nan,1.0,nan,0.0,0.5,0.0,0.5,0.16666666666666666,0.0,1.0,0.5,0.5,0.167,180679.64792251587,253239.97592926025,96642.67897605896
8,What two types of conduct constitute the offence of 'stalking' under BNS section 78?,,b3e95969-1def-4bca-a993-18bf025c81f2,UNSUPPORTED_GENERATION,0.7144342460669577,nan,0.9551542722705574,nan,1.0,nan,0.0,0.0,0.0,0.0,0.0,0.3333333333333333,0.6666666666666666,0.833,0.167,0.167,180652.98891067505,200951.2050151825,431650.1250267029
9,"Under what four conditions is causing death classified as murder rather than merely culpable homicide, per BNS section 101?",RETRIEVAL_MISS,10256646-bc8a-4cf5-8169-4f27288249e2,UNKNOWN,0.9612286488215128,nan,0.9134548117955591,nan,1.0,nan,0.0,0.0,0.0,0.25,0.16666666666666666,0.0,1.0,0.167,0.167,0.167,113284.27815437317,355301.4180660248,70204.67758178711
10,"If a person intends to kill one individual but instead unintentionally causes the death of a different person, how is the resulting culpable homicide classified?",RETRIEVAL_MISS,efdecf75-e640-4101-813e-e03ba820fc2b,UNSUPPORTED_GENERATION,0.4611935056746006,nan,nan,0.8055555555287036,1.0,nan,0.07142857142857142,0.0,0.0,0.0,0.0,0.14285714285714285,0.8571428571428571,0.833,0.667,0.333,134426.09930038452,497192.5585269928,172976.27234458923
11,"What is the punishment for murder under BNS section 103, and how does it change when a group of five or more persons acting in concert commits murder on grounds such as race, caste, or community?",,23e4da15-d08e-4663-8d12-e2b2b0690242,UNSUPPORTED_GENERATION,0.12202218919992447,nan,0.7630176685160777,0.8333333332916666,1.0,nan,0.0,0.0,0.0,0.0,0.0,0.0,1.0,0.333,0.333,0.167,97846.49014472961,439715.0762081146,129888.79251480103
12,What punishment applies if a person already under a sentence of life imprisonment commits murder?,CHUNK_BOUNDARY,3c68552b-f6b4-4936-b178-61ae845d6019,UNKNOWN,0.9922035932540894,1.0,0.8922153963059295,nan,1.0,nan,0.0,0.3333333333333333,0.0,0.3333333333333333,0.16666666666666666,0.5,0.5,0.833,0.333,0.333,180816.547870636,242746.0696697235,182474.9047756195
13,"What is the punishment for culpable homicide not amounting to murder, and how does the punishment differ depending on intention versus mere knowledge of likely death?",,7b6a264a-72f0-4a4d-8550-fd6a35cdbc8b,UNSUPPORTED_GENERATION,0.7086198230584463,nan,0.766718266979311,0.4499999999775,1.0,nan,0.0,0.5,0.0,0.0,0.0,0.3076923076923077,0.6923076923076923,0.5,0.333,0.167,86947.30710983276,218224.8876094818,159884.0684890747
14,"What is the punishment for causing death by a rash or negligent act not amounting to culpable homicide, and how is it different if the person responsible is a registered medical practitioner performing a medical procedure?",,d15dd4e2-15a4-4105-8083-2deaf9fbea6b,UNKNOWN,0.9967177212238312,1.0,0.9568013410028829,0.8055555555287036,1.0,nan,0.5,0.5,0.5,0.5,0.16666666666666666,0.5,0.5,0.667,0.5,0.667,67092.50283241272,143185.47821044922,160976.22346878052
15,What additional punishment applies under BNS section 106(2) if a person causes death by rash and negligent driving and then escapes without reporting the incident to police or a Magistrate?,,944b31c4-56d2-4e4e-b814-63095d984dff,UNKNOWN,0.7240096926689148,nan,0.9395499767191744,0.99999999995,1.0,0.8184102406187499,0.0,0.5,0.0,0.0,0.0,0.0,1.0,0.167,0.167,0.167,61332.0677280426,159697.69883155823,68134.47093963623
16,"What is the punishment for abetting the suicide of a child, a person of unsound mind, a delirious person, or a person in a state of intoxication?",,dff35ada-ab49-4a48-912b-d8d16984555e,UNKNOWN,0.9980772733688354,1.0,0.9757096022392636,0.8333333332916666,1.0,0.43151750616587736,0.0,0.25,0.0,0.5,0.3333333333333333,0.0,1.0,0.667,0.333,0.167,60128.38530540466,72948.50540161133,110515.7265663147
17,"What is the punishment for abetting the suicide of an ordinary person (not a child or person of unsound mind, delirium, or intoxication)?",CHUNK_BOUNDARY,6d02793a-9b3f-4258-9bed-8c12fa18fb72,UNSUPPORTED_GENERATION,0.289684790186584,nan,0.8573768807714224,0.8333333332916666,1.0,nan,0.5,1.0,0.6666666666666666,0.0,0.0,0.0,0.5,0.5,0.333,0.333,80799.53026771545,116556.645154953,141780.72142601013
18,"What is the punishment for attempt to murder under BNS section 109, and how does it change if hurt is actually caused to a person?",,a2822e0b-09f3-4946-80dd-da2ea1b51a17,UNSUPPORTED_GENERATION,0.5337502037873492,nan,0.8804168333689049,0.0,0.0,nan,0.0,0.0,0.0,0.0,0.0,0.0,1.0,0.333,0.333,0.167,57098.3784198761,89036.42225265503,162113.08336257935
19,How does the BNS's organised crime provision in section 111 define a 'continuing unlawful activity'?,,51df3069-dafe-446f-977a-b2f6114b1da3,UNSUPPORTED_GENERATION,0.8970484180109841,nan,0.9358745590542187,0.9999999999,1.0,0.9060745886089441,0.0,0.14285714285714285,0.0,0.0,0.0,0.0,1.0,0.333,0.167,0.167,76708.58240127563,152730.55410385132,120901.43918991089
20,"What is the punishment for organised crime under BNS section 111 if the offence results in the death of a person, versus if it does not?",,ae355875-2bc4-42d3-81c6-ae6be02de612,UNSUPPORTED_GENERATION,0.09708862006664276,nan,0.9069228821001395,0.499999999975,1.0,nan,0.25,0.125,0.16666666666666666,0.0,0.0,0.25,0.75,0.333,0.333,0.333,86861.68432235718,196165.40908813477,160994.61317062378
21,"What must a police officer be satisfied of, in addition to the existence of a reasonable complaint or suspicion, before arresting a person without a warrant for a cognizable offence punishable with imprisonment up to seven years, per BNSS section 35?",,28766847-3ff0-4e4b-8da2-4d2b71c5b366,UNKNOWN,0.0,nan,0.8014575853810818,0.9999999999,1.0,nan,0.0,0.0,0.0,0.2,0.16666666666666666,0.0,1.0,0.167,0.167,0.167,99473.54555130005,177034.36994552612,107026.59726142883
22,"Under BNSS, who may withdraw powers conferred by the High Court or State Government on a person or subordinate officer?",,6d7c4967-a7d1-4c00-8e63-f84abad3de3b,UNSUPPORTED_GENERATION,0.5499119814485312,nan,0.8480830419659293,0.9999999999,1.0,nan,0.0,0.0,0.0,0.0,0.0,0.0,1.0,0.167,0.167,0.167,78336.45033836365,190968.0688381195,115372.59125709534
23,"Under BNSS, whose powers and duties may be exercised by a successor-in-office, and who resolves doubt about who that successor is?",,28e3126e-a840-42b8-a6f4-0cf9ca8572fe,UNSUPPORTED_GENERATION,0.7473607920474024,1.0,0.7038906848026886,0.9999999999,1.0,0.7127926396308738,0.16666666666666666,0.0,0.0,0.5,0.16666666666666666,0.0,0.8333333333333334,0.167,0.167,0.167,68514.65678215027,200511.3022327423,111033.83374214172
24,"Under BNSS, if a Magistrate attaches a subject of dispute after finding a case to be one of emergency, when may that Magistrate withdraw the attachment?",,36e044d5-47d5-4dae-8ab8-4bf44922bd0e,UNKNOWN,0.0,1.0,0.8319379911447004,nan,1.0,0.49496668309400627,0.0,1.0,0.0,1.0,0.16666666666666666,0.0,1.0,0.167,0.167,0.167,61484.665632247925,163763.7162208557,117044.86203193665
25,"Under BNSS section 167, who may be deputed to make a local inquiry necessary under sections 164, 165 or 166, and what may that person be given?",,3cb62416-5a04-4146-b580-e6040c260638,UNSUPPORTED_GENERATION,0.7051740071736277,nan,0.9120907010901512,0.9999999999,1.0,nan,0.5,0.0,0.0,0.0,0.0,0.0,0.5,0.167,0.167,0.167,53996.30093574524,215568.3617591858,134705.983877182
26,"Under the BSA, are facts inconsistent with a fact in issue, or that make the existence of a fact in issue highly probable or improbable, relevant even if not otherwise relevant?",,4db9baf0-437d-4fd3-a695-25a9d2de6129,UNSUPPORTED_GENERATION,0.5474753501669815,1.0,0.7010494131164516,0.9999999999,1.0,nan,0.0,0.16666666666666666,0.0,0.0,0.0,0.0,1.0,0.667,0.667,0.667,74175.0476360321,236805.668592453,198314.32056427002
27,"Under the BSA, are judgments, orders, or decrees (other than those covered by sections 34-36) generally relevant in other proceedings?",,7f964dec-9e2c-401a-adfb-83ca731dd7c0,UNSUPPORTED_GENERATION,0.8058743377526602,nan,0.7922457760269324,0.9999999999,1.0,nan,0.0,0.0,0.0,0.0,0.0,0.0,1.0,0.833,0.833,0.333,70943.49837303162,234877.46453285217,262631.22034072876
28,"Under the BSA, when are facts relevant because they are consistent or inconsistent with the opinions of experts?",,efac92eb-f908-4fff-8db4-69a50fea7613,UNSUPPORTED_GENERATION,0.7631913774779865,nan,0.6273824116874218,0.9999999999,1.0,nan,0.0,0.0,0.0,0.6666666666666666,0.16666666666666666,0.09090909090909091,0.9090909090909091,0.333,0.333,0.167,180585.6683254242,284625.92458724976,181039.57557678223
29,"Under the BSA, what must be true of a document for the Court to presume it is the Official Gazette, a newspaper, or a journal, and thereby presume its genuineness?",,16df5ba8-bc49-4703-8716-b266a9e39969,UNSUPPORTED_GENERATION,0.6980378698956754,nan,0.766886088328037,0.9999999999,1.0,nan,0.0,0.0,0.0,0.0,0.0,0.0,1.0,0.333,0.333,0.333,82828.42445373535,265822.58200645447,210338.09757232666
30,"Under the BSA, when is a document considered to be in 'proper custody' for the purposes of the presumption of genuineness?",CHUNK_BOUNDARY,a4a63e58-fa5e-4af6-9a18-d5ea618c6fd5,UNKNOWN,0.6683284365378009,nan,0.9139078295504577,0.7499999999625,1.0,nan,0.0,0.0,0.0,0.0,0.0,0.0,1.0,0.5,0.167,0.167,83655.01713752747,174857.57970809937,165608.1666946411
31,What does the Bharatiya Nyaya Sanhita say about the regulation of cryptocurrency exchanges or digital asset custodians?,MISSING_CORPUS,6dcb2133-1a02-4e79-9fb2-04ca8e861e82,RETRIEVAL_MISS,0.020344765856862068,0.0,0.0,0.499999999975,0.0,0.12989495119024008,0.0,0.5,0.0,0.0,0.0,0.0,1.0,0.0,0.0,0.0,59622.127294540405,165738.3735179901,83577.34155654907
32,What does the Bharatiya Sakshya Adhiniyam say about the standard corporate tax rate applicable to private limited companies?,MISSING_CORPUS,dfbef3ab-f471-4546-90bb-3c744066e1fc,GROUNDING_FAILURE,0.7887580165018638,0.8,0.0,0.7708333333140625,1.0,0.6416460256932532,0.2,0.0,0.0,0.6666666666666666,0.3333333333333333,0.2,0.8,0.0,0.0,0.0,71137.86625862122,153120.04375457764,73699.95617866516
33,"According to the BNSS, what is the specific process and timeline for filing a trademark infringement suit?",MISSING_CORPUS,27c29f9f-ae02-49a3-aa2c-38dcc5d2d078,RETRIEVAL_MISS,0.036262694746255875,0.0,0.0,0.26666666665333333,1.0,0.1152330372023463,0.0,0.0,0.0,0.0,0.0,0.0,0.0,0.0,0.0,0.0,76703.82928848267,148635.5299949646,58028.94616127014
34,What penalty does the BNS prescribe for a company's failure to file annual financial statements with the Registrar of Companies?,MISSING_CORPUS,ee2af45e-6f03-4973-8261-44f0198028a9,UNKNOWN,0.9895128607749939,0.0,0.0,0.49999999995,0.0,0.36412898225665147,0.0,0.0,0.0,0.3333333333333333,0.16666666666666666,0.0,0.0,0.0,0.0,0.0,63670.804500579834,147216.84908866882,61835.65711975098
35,"What legal consequence follows if someone deliberately sets fire to a dwelling-house after being instigated to do so by another person who has a guilty intention, where the person who set the fire lacked the mental capacity to know the act was wrong?",RETRIEVAL_MISS,eb2a1035-84ca-42d3-9a41-6f908221e351,UNKNOWN,0.9969410121440887,nan,0.7193061555254422,0.9166666666361111,1.0,nan,0.0,0.0,0.0,0.25,0.3333333333333333,0.3333333333333333,0.6666666666666666,0.5,0.5,0.333,42746.73366546631,235833.2223892212,120372.5254535675
36,What is the exact fine amount prescribed for murder under BNS section 103?,UNSUPPORTED_GENERATION,d89afd4b-94b3-426d-896e-3089613b3e9d,CHUNK_BOUNDARY,0.6887182794511318,0.6,0.9243558619481759,0.9999999999666667,0.0,nan,0.3333333333333333,0.3333333333333333,0.3333333333333333,0.0,0.0,0.6666666666666666,0.3333333333333333,0.0,0.0,0.0,64925.323247909546,145291.10527038574,79102.31280326843
37,"Under BNS section 105 (culpable homicide not amounting to murder), what specific fine amount applies when the act is done with mere knowledge of likely death rather than intention to cause it?",UNSUPPORTED_GENERATION,fb114c64-3ab6-4e67-ac05-43c608722cfc,UNKNOWN,0.0,1.0,0.0,0.99999999995,1.0,0.8291194716377273,0.0,0.0,0.0,0.0,0.0,0.375,0.625,0.0,0.0,0.0,69420.16410827637,184489.23540115356,49033.273458480835
38,"Given that BNS section 103 caps the punishment for murder at ten years' imprisonment, what additional fine is imposed on top of that ten-year term?",GROUNDING_FAILURE,f78c3e62-d8bd-429d-834a-3e5defbacbd1,UNSUPPORTED_GENERATION,0.5075478387996555,1.0,0.7759928784827103,0.699999999965,1.0,0.7111524318139488,0.0,0.0,0.0,0.2,0.16666666666666666,1.0,0.0,0.333,0.333,0.333,70045.75753211975,186678.62272262573,134642.71545410156
39,"Given that BNS section 65(2) prescribes life imprisonment as the maximum possible punishment for raping a woman under twelve years of age, why does the law show leniency in this specific case?",GROUNDING_FAILURE,34b7c643-e987-4cad-92f5-92cd9ff03551,UNSUPPORTED_GENERATION,0.5359235922340304,nan,0.791804651286696,nan,1.0,nan,0.0,0.0,0.0,0.0,0.0,0.08333333333333333,0.9166666666666666,0.333,0.167,0.167,25272.23300933838,186482.8314781189,128862.51401901245
40,"Since BNSS section 35 permits arrest without a warrant for any cognizable offence regardless of its severity, what safeguards exist to prevent misuse of this power?",GROUNDING_FAILURE,674eeb5a-0578-4c2f-a7a9-dc1cc90306ae,UNKNOWN,0.9823121838271618,nan,nan,0.9999999999,1.0,nan,0.0,0.0,0.0,0.14285714285714285,0.16666666666666666,0.0,1.0,0.667,0.667,0.333,77364.34483528137,140246.2408542633,146893.1736946106
4,What punishment applies to abetment of an offence when the Sanhita makes no express provision for punishing that specific abetment?,,59ff2c35-02ba-4035-9d41-72654df8af34,UNKNOWN,0.0,nan,nan,0.733333333315,1.0,nan,0.0,0.0,0.0,0.0,0.0,0.0,1.0,0.833,0.5,0.167,65847.72253036499,379827.4824619293,431105.93700408936
